{
  "project_info": {
    "project_number": "267367148099",
    "project_id": "anxiety-setup",
    "storage_bucket": "anxiety-setup.firebasestorage.app"
  },
  "client": [
    {
      "client_info": {
        "mobilesdk_app_id": "1:267367148099:android:cbd344e001ba9a6147c2f6",
        "android_client_info": {
          "package_name": "com.example.sahayy"
        }
      },
      "oauth_client": [],
      "api_key": [
        {
          "current_key": "AIzaSyCHO1vgMDVp9TDbSnZLWmUzI-W3eyh4oL0"
        }
      ],
      "services": {
        "appinvite_service": {
          "other_platform_oauth_client": []
        }
      }
    }
  ],
  "configuration_version": "1"
}